﻿<?xml version="1.0" encoding="utf-8" ?> 
<Table>
    <Emp>
      <Employeeid>1</Employeeid>
      <Employeename>Haresh</Employeename>
      <Employeesalary>10000</Employeesalary>
    </Emp>
    <Emp>
      <Employeeid>2</Employeeid>
      <Employeename>Om</Employeename>
      <Employeesalary>20000</Employeesalary>
    </Emp>
    <Emp>
      <Employeeid>3</Employeeid>
      <Employeename>Kavil</Employeename>
      <Employeesalary>30000</Employeesalary>
    </Emp>
    <Emp>
      <Employeeid>4</Employeeid>
      <Employeename>Poojan </Employeename>
      <Employeesalary>40000</Employeesalary>
    </Emp>
</Table>